Designator,Mid X,Mid Y,Layer,Rotation
C1,-6.600000mm,13.900000mm,Bottom,90.000000
C2,0.800000mm,13.900000mm,Bottom,90.000000
C3,5.940000mm,0.750000mm,Bottom,0.000000
C4,-0.300000mm,-6.625000mm,Bottom,-90.000000
C5,5.940000mm,-2.250000mm,Bottom,0.000000
C6,-5.440000mm,1.750000mm,Bottom,180.000000
C7,1.250000mm,-6.625000mm,Bottom,-90.000000
C8,-5.440000mm,-0.250000mm,Bottom,180.000000
C9,-1.600000mm,-13.900000mm,Bottom,90.000000
R1,-3.800000mm,-13.900000mm,Bottom,90.000000
R2,0.600000mm,-13.900000mm,Bottom,90.000000
U2,-2.900000mm,13.600000mm,Bottom,90.000000
