Ref,Val,Package,PosX,PosY,Rot,Side
"C1","1u","C_0603_1608Metric",-12.000000,15.200000,90.000000,bottom
"C2","1u","C_0603_1608Metric",-4.400000,15.200000,90.000000,bottom
"C3","10u","C_0603_1608Metric",5.600000,0.910000,0.000000,bottom
"C4","10u","C_0603_1608Metric",-0.640000,-6.465000,-90.000000,bottom
"C5","100n","C_0603_1608Metric",5.600000,-2.090000,0.000000,bottom
"C6","100n","C_0603_1608Metric",-5.780000,1.910000,180.000000,bottom
"C7","100n","C_0603_1608Metric",0.910000,-6.465000,-90.000000,bottom
"C8","100n","C_0603_1608Metric",-5.780000,-0.090000,180.000000,bottom
"C9","100n","C_0603_1608Metric",-1.600000,-15.200000,90.000000,bottom
"J1","EC56 J1 (control/data)","PinHeader_2x14_P2.00mm_Vertical",-20.000000,13.000000,180.000000,bottom
"J2","EC56 J2 (address)","PinHeader_2x14_P2.00mm_Vertical",22.000000,13.000000,180.000000,bottom
"R1","10k","R_0603_1608Metric",-3.800000,-15.200000,90.000000,bottom
"R2","4k7","R_0603_1608Metric",0.600000,-15.200000,90.000000,bottom
"U2","TLV75518PDBV","SOT-23-5",-8.200000,15.200000,90.000000,bottom
"U1","PC28F256P30T85","Sensata_CBG064-087G",0.000000,0.000000,180.000000,top
